song_id,name_other
11 28 2c 44 bf 5a 37 f3,Kimii - Henshin
28 0f ec 8f 63 49 5e c4,Tecchi & Elliot Hsu - Jump!
43 51 5e 4d 9d d9 38 3e,alpha - Night Parade
89 32 8f 0f 1f 93 bd 65,ARForest - Tomori
6c 87 7b 35 50 65 f9 9a,はんぶんこ花火
6c 87 7b 35 50 65 f9 9a,Yunomi & Happy Kuru Kuru - はんぶんこ花火 (Dream Hackers Remix)
6c 1f 61 9b 64 19 fc db,PLEEG - Sweet
7a c4 5f 29 79 b5 4f 0f,Hyp3rsleep - Mocha
3e a0 48 f3 d0 6d bc ff,Kagi - Lovelock
1c 3d b9 96 14 06 87 d8,Aika & Trifect - Light the Way!
3e 5a a6 1b b7 a8 28 91,Sein & Music - Cotton Cloud
8f 3b 43 1a 2a bf 7d 62,Kocyamarü - Favorite place
7f d7 40 69 03 00 f1 89,PIKASONIC - Myself
